{"cameraMode":{"drawMode":0,"name":"Shaded","section":"Shading Mode"},"sceneLighting":false,"audioPlay":false,"sceneViewState":{"m_AlwaysRefresh":false,"showFog":true,"showSkybox":false,"showFlares":true,"showImageEffects":true,"showParticleSystems":true,"showVisualEffectGraphs":true,"m_FxEnabled":true},"in2DMode":false,"pivot":{"x":1.0532619953155518,"y":1.132537603378296,"z":-0.12805283069610597},"rotation":{"x":-0.004005651455372572,"y":0.9738982319831848,"z":-0.2262960523366928,"w":-0.017239071428775789},"size":1.7715611457824708,"orthographic":false}