{"cameraMode":{"drawMode":0,"name":"Shaded","section":"Shading Mode"},"sceneLighting":false,"audioPlay":false,"sceneViewState":{"m_AlwaysRefresh":false,"showFog":true,"showSkybox":false,"showFlares":true,"showImageEffects":true,"showParticleSystems":true,"showVisualEffectGraphs":true,"m_FxEnabled":true},"in2DMode":false,"pivot":{"x":-1.350000023841858,"y":1.2899999618530274,"z":-0.03000003844499588},"rotation":{"x":-0.07795220613479614,"y":0.9099988341331482,"z":-0.19997018575668336,"w":-0.35473498702049258},"size":2.412372350692749,"orthographic":false}