{"cameraMode":{"drawMode":0,"name":"Shaded","section":"Shading Mode"},"sceneLighting":false,"audioPlay":false,"sceneViewState":{"m_AlwaysRefresh":false,"showFog":true,"showSkybox":false,"showFlares":true,"showImageEffects":true,"showParticleSystems":true,"showVisualEffectGraphs":true,"m_FxEnabled":true},"in2DMode":false,"pivot":{"x":-0.20287030935287476,"y":0.7295753359794617,"z":0.03920388221740723},"rotation":{"x":-0.02941422536969185,"y":0.9543208479881287,"z":-0.2799137234687805,"w":-0.10028348863124848},"size":1.250514268875122,"orthographic":false}